title,description,id_user,id_location,report_type,report_date,id
sal,cmf,43,191,,Mon Jun 11 2018 00:00:00 GMT+0300 (EEST),55
sal,cmf,43,192,,Mon Jun 11 2018 00:00:00 GMT+0300 (EEST),56
test,test,43,193,,Mon Jun 11 2018 00:00:00 GMT+0300 (EEST),57
test,test,43,194,,Mon Jun 11 2018 00:00:00 GMT+0300 (EEST),58
test2,rtes,43,195,,Mon Jun 11 2018 00:00:00 GMT+0300 (EEST),59
dsa,ddd,43,196,,Mon Jun 11 2018 00:00:00 GMT+0300 (EEST),60
dsa,ff,43,197,,Mon Jun 11 2018 00:00:00 GMT+0300 (EEST),61
dsa,dd,43,198,,Mon Jun 11 2018 00:00:00 GMT+0300 (EEST),62
dsaa,fff,44,200,,Mon Jun 11 2018 00:00:00 GMT+0300 (EEST),63
s,s,44,203,,Mon Jun 11 2018 00:00:00 GMT+0300 (EEST),64
sas,s,44,204,,Mon Jun 11 2018 00:00:00 GMT+0300 (EEST),65
